{
  "images\\background":"77b058909cf17f0aa662e5e798e4a54a88f23aed14cfa3d829ce43f9487bad71.jpg",
  "images\\logo":"fbb450bb1c6db10a6680dcbf4ceea307b0ab9c83c7f32ab52cc2e6c51d6c3f78_glx_logo.jpg",
  "images\\logo2x":"fbb450bb1c6db10a6680dcbf4ceea307b0ab9c83c7f32ab52cc2e6c51d6c3f78_glx_logo_2x.jpg",
  "images\\icon":"c705a75fef7bba61daf146eafee31a4ec2a6879db512e22a8735d9fe6c8341f3.png",
  "images\\sidebarIcon":"c705a75fef7bba61daf146eafee31a4ec2a6879db512e22a8735d9fe6c8341f3_sbicon.png",
  "images\\sidebarIcon2x":"c705a75fef7bba61daf146eafee31a4ec2a6879db512e22a8735d9fe6c8341f3_sbicon_2x.png",
  "images\\menuNotificationAv":"c705a75fef7bba61daf146eafee31a4ec2a6879db512e22a8735d9fe6c8341f3_menu_notification_av.png",
  "images\\menuNotificationAv2":"c705a75fef7bba61daf146eafee31a4ec2a6879db512e22a8735d9fe6c8341f3_menu_notification_av2.png"
}